"subject_id","patient_name","cohort","clinical_archetype","timestamp","final_risk_tier","total_clinical_score","brm_score","total_symptom_score","phase1_raw_score","phase1_multiplier","phase1_weighted_score","phase2_raw_score","phase2_multiplier","phase2_weighted_score","phase3_raw_score","phase3_multiplier","phase3_weighted_score","positive_symptoms_count","escalation_override_triggered","override_rule_name","override_reason","clinical_recommendation","q_age","q_age_at_marriage","q_age_at_first_child","q_number_of_children","q_breastfeeding","q_contraceptives","q_family_history","q_smoking","q_diet","sym_Symptoms on Left Breast – Palpable Lump / Abnormality","sym_Symptoms on Left Breast – Nipple Retraction / Inversion","sym_Symptoms on Left Breast – Nipple Discharge","sym_Symptoms on Left Breast – Skin Dimpling","sym_Symptoms on Left Breast – Skin Thickening","sym_Symptoms on Left Breast – Itching of the Nipple Area","sym_Symptoms on Left Breast – Redness","sym_Symptoms on Left Breast – Ulcer / Open Sore","sym_Symptoms on Left Breast – Pain","sym_Symptoms on Right Breast – Palpable Lump / Abnormality","sym_Symptoms on Right Breast – Nipple Retraction / Inversion","sym_Symptoms on Right Breast – Nipple Discharge","sym_Symptoms on Right Breast – Skin Dimpling","sym_Symptoms on Right Breast – Skin Thickening","sym_Symptoms on Right Breast – Itching of the Nipple Area","sym_Symptoms on Right Breast – Redness","sym_Symptoms on Right Breast – Ulcer / Open Sore","sym_Symptoms on Right Breast – Pain","sym_Symptoms on Neck – Lump","sym_Symptoms on Neck – Swelling","sym_Symptoms on Neck – Bleeding","sym_Symptoms on Neck – Redness","sym_Symptoms on Neck – Discoloration","sym_Symptoms on Neck – Wound","sym_Symptoms on Neck – Ulcer / Skin Changes","sym_Symptoms on Neck – Pain","sym_Symptoms on Left Arm – Axillary (Armpit) Lump","sym_Symptoms on Left Arm – Swelling","sym_Symptoms on Left Arm – Restricted Movement","sym_Symptoms on Left Arm – Weakness","sym_Symptoms on Left Arm – Numbness","sym_Symptoms on Left Arm – Bruising","sym_Symptoms on Left Arm – Pain","sym_Symptoms on Right Arm – Axillary (Armpit) Lump","sym_Symptoms on Right Arm – Swelling","sym_Symptoms on Right Arm – Restricted Movement","sym_Symptoms on Right Arm – Weakness","sym_Symptoms on Right Arm – Numbness","sym_Symptoms on Right Arm – Bruising","sym_Symptoms on Right Arm – Pain","sym_Respiratory Symptoms – Cough","sym_Respiratory Symptoms – Breathlessness","sym_Respiratory Symptoms – Chest Pain","sym_Respiratory Symptoms – Wheezing","sym_CNS Symptoms – Headache","sym_CNS Symptoms – Blurred Vision","sym_CNS Symptoms – Giddiness","sym_CNS Symptoms – Nausea","sym_CNS Symptoms – Vomiting","sym_CNS Symptoms – Convulsions","sym_Under Muscular Skeleton – Back Pain","sym_Under Muscular Skeleton – Joint Pain","sym_Under Muscular Skeleton – Shoulder Pain","sym_Under Muscular Skeleton – Underarm Pain","sym_Under Muscular Skeleton – Muscle Weakness","sym_Under Muscular Skeleton – Difficulty Moving"
"SIM-PAT-001","Aaradhya Sharma","Cohort 1: Low Risk / Routine Screening","Young postpartum screening check","2026-09-08T02:42:40.115Z","Low","1","1","0","0","1","0","0","1","0","0","1","0","0","FALSE","None","None","Continue routine breast self-awareness, periodic clinical screening, and age-appropriate mammography as recommended by your physician.","< 30 years","Unmarried / N/A","20–30 years","1–2","< 6 months","Never / None","No family history","Former smoker","Balanced diet","No","No","No","No","No","No","No","No","No","No","No","No","No","No","No","No","No","No","No","No","No","No","No","No","No","No","No","No","No","No","No","No","No","No","No","No","No","No","No","No","No","No","No","No","No","No","No","No","No","No","No","No","No","No","No","No"
"SIM-PAT-002","Pooja Gupta","Cohort 1: Low Risk / Routine Screening","Perimenopausal routine breast screening","2026-08-16T08:41:20.367Z","Low","0","0","0","0","1","0","0","1","0","0","1","0","0","FALSE","None","None","Continue routine breast self-awareness, periodic clinical screening, and age-appropriate mammography as recommended by your physician.","30–40 years","Unmarried / N/A","20–30 years","1–2","6–12 months","Never / None","No family history","Never","Balanced diet","No","No","No","No","No","No","No","No","No","No","No","No","No","No","No","No","No","No","No","No","No","No","No","No","No","No","No","No","No","No","No","No","No","No","No","No","No","No","No","No","No","No","No","No","No","No","No","No","No","No","No","No","No","No","No","No"
"SIM-PAT-003","Sunita Kushwaha","Cohort 1: Low Risk / Routine Screening","Mild non-cyclical tender point, no lumps","2026-09-01T18:46:07.584Z","Low","2","2","0","0","1","0","0","1","0","0","1","0","0","FALSE","None","None","Continue routine breast self-awareness, periodic clinical screening, and age-appropriate mammography as recommended by your physician.","30–40 years","Unmarried / N/A","No children","1–2","6–12 months","Never / None","No family history","Former smoker","Balanced diet","No","No","No","No","No","No","No","No","No","No","No","No","No","No","No","No","No","No","No","No","No","No","No","No","No","No","No","No","No","No","No","No","No","No","No","No","No","No","No","No","No","No","No","No","No","No","No","No","No","No","No","No","No","No","No","No"
"SIM-PAT-004","Meera Trivedi","Cohort 1: Low Risk / Routine Screening","Perimenopausal routine breast screening","2026-08-28T13:14:19.308Z","Low","3.2","1","2.2","0","1","0","0","1","0","2","1.1","2.2","1","FALSE","None","None","Continue routine breast self-awareness, periodic clinical screening, and age-appropriate mammography as recommended by your physician.","30–40 years","18–25 years","No children","1–2","< 6 months","Never / None","No family history","Never","Balanced diet","No","No","No","No","No","No","No","No","No","No","No","No","No","No","No","No","No","No","No","No","No","No","No","No","No","No","No","No","No","No","No","No","No","No","No","No","No","No","No","No","No","No","No","No","No","No","No","No","No","No","No","No","Yes","No","No","No"
"SIM-PAT-005","Ananya Iyer","Cohort 1: Low Risk / Routine Screening","Young asymptomatic wellness check","2026-08-27T23:39:52.766Z","Low","2","2","0","0","1","0","0","1","0","0","1","0","0","FALSE","None","None","Continue routine breast self-awareness, periodic clinical screening, and age-appropriate mammography as recommended by your physician.","30–40 years","Unmarried / N/A","No children","1–2","6–12 months","< 1 year","No family history","Former smoker","Balanced diet","No","No","No","No","No","No","No","No","No","No","No","No","No","No","No","No","No","No","No","No","No","No","No","No","No","No","No","No","No","No","No","No","No","No","No","No","No","No","No","No","No","No","No","No","No","No","No","No","No","No","No","No","No","No","No","No"
"SIM-PAT-006","Deepa Deshmukh","Cohort 1: Low Risk / Routine Screening","Mild non-cyclical tender point, no lumps","2026-08-23T12:44:04.625Z","Low","0","0","0","0","1","0","0","1","0","0","1","0","0","FALSE","None","None","Continue routine breast self-awareness, periodic clinical screening, and age-appropriate mammography as recommended by your physician.","30–40 years","18–25 years","20–30 years","1–2","< 6 months","< 1 year","No family history","Never","Vegetarian / Plant-based","No","No","No","No","No","No","No","No","No","No","No","No","No","No","No","No","No","No","No","No","No","No","No","No","No","No","No","No","No","No","No","No","No","No","No","No","No","No","No","No","No","No","No","No","No","No","No","No","No","No","No","No","No","No","No","No"
"SIM-PAT-007","Kavita Shukla","Cohort 1: Low Risk / Routine Screening","Perimenopausal routine breast screening","2026-09-09T07:22:50.081Z","Low","1","1","0","0","1","0","0","1","0","0","1","0","0","FALSE","None","None","Continue routine breast self-awareness, periodic clinical screening, and age-appropriate mammography as recommended by your physician.","30–40 years","26–30 years","No children","0","6–12 months","< 1 year","No family history","Never","Vegetarian / Plant-based","No","No","No","No","No","No","No","No","No","No","No","No","No","No","No","No","No","No","No","No","No","No","No","No","No","No","No","No","No","No","No","No","No","No","No","No","No","No","No","No","No","No","No","No","No","No","No","No","No","No","No","No","No","No","No","No"
"SIM-PAT-008","Sangeeta Verma","Cohort 1: Low Risk / Routine Screening","Young asymptomatic wellness check","2026-08-13T19:10:07.265Z","Low","2","2","0","0","1","0","0","1","0","0","1","0","0","FALSE","None","None","Continue routine breast self-awareness, periodic clinical screening, and age-appropriate mammography as recommended by your physician.","30–40 years","Unmarried / N/A","No children","0","> 12 months","< 1 year","No family history","Former smoker","Vegetarian / Plant-based","No","No","No","No","No","No","No","No","No","No","No","No","No","No","No","No","No","No","No","No","No","No","No","No","No","No","No","No","No","No","No","No","No","No","No","No","No","No","No","No","No","No","No","No","No","No","No","No","No","No","No","No","No","No","No","No"
"SIM-PAT-009","Rekha Singh","Cohort 1: Low Risk / Routine Screening","Young postpartum screening check","2026-08-24T19:24:13.916Z","Low","2.1","1","1.1","0","1","0","1","1.1","1.1","0","1","0","1","FALSE","None","None","Continue routine breast self-awareness, periodic clinical screening, and age-appropriate mammography as recommended by your physician.","< 30 years","26–30 years","No children","1–2","< 6 months","Never / None","No family history","Never","Balanced diet","No","No","No","No","No","No","No","No","No","No","No","No","No","No","No","No","No","No","No","No","No","No","No","No","No","No","No","No","No","No","No","No","Yes","No","No","No","No","No","No","No","No","No","No","No","No","No","No","No","No","No","No","No","No","No","No","No"
"SIM-PAT-010","Ritu Joshi","Cohort 1: Low Risk / Routine Screening","Young asymptomatic wellness check","2026-08-21T15:13:04.794Z","Low","2.1","1","1.1","0","1","0","1","1.1","1.1","0","1","0","1","FALSE","None","None","Continue routine breast self-awareness, periodic clinical screening, and age-appropriate mammography as recommended by your physician.","< 30 years","Unmarried / N/A","20–30 years","0","6–12 months","< 1 year","No family history","Never","Balanced diet","No","No","No","No","No","No","No","No","No","No","No","No","No","No","No","No","No","No","No","No","No","No","No","No","No","No","No","No","No","No","No","No","Yes","No","No","No","No","No","No","No","No","No","No","No","No","No","No","No","No","No","No","No","No","No","No","No"
"SIM-PAT-011","Priyanka Reddy","Cohort 1: Low Risk / Routine Screening","Young asymptomatic wellness check","2026-08-19T06:05:36.462Z","Low","0","0","0","0","1","0","0","1","0","0","1","0","0","FALSE","None","None","Continue routine breast self-awareness, periodic clinical screening, and age-appropriate mammography as recommended by your physician.","< 30 years","26–30 years","20–30 years","1–2","> 12 months","Never / None","No family history","Never","Balanced diet","No","No","No","No","No","No","No","No","No","No","No","No","No","No","No","No","No","No","No","No","No","No","No","No","No","No","No","No","No","No","No","No","No","No","No","No","No","No","No","No","No","No","No","No","No","No","No","No","No","No","No","No","No","No","No","No"
"SIM-PAT-012","Nisha Banerjee","Cohort 1: Low Risk / Routine Screening","Young postpartum screening check","2026-09-09T00:05:18.299Z","Low","3.2","1","2.2","0","1","0","0","1","0","2","1.1","2.2","1","FALSE","None","None","Continue routine breast self-awareness, periodic clinical screening, and age-appropriate mammography as recommended by your physician.","30–40 years","18–25 years","No children","1–2","> 12 months","Never / None","No family history","Never","Balanced diet","No","No","No","No","No","No","No","No","No","No","No","No","No","No","No","No","No","No","No","No","No","No","No","No","No","No","No","No","No","No","No","No","No","No","No","No","No","No","No","No","No","No","No","No","No","No","No","No","No","No","No","No","Yes","No","No","No"
"SIM-PAT-013","Shalini Kulkarni","Cohort 1: Low Risk / Routine Screening","Perimenopausal routine breast screening","2026-08-18T00:38:50.138Z","Low","1","1","0","0","1","0","0","1","0","0","1","0","0","FALSE","None","None","Continue routine breast self-awareness, periodic clinical screening, and age-appropriate mammography as recommended by your physician.","< 30 years","Unmarried / N/A","20–30 years","1–2","> 12 months","< 1 year","No family history","Former smoker","Balanced diet","No","No","No","No","No","No","No","No","No","No","No","No","No","No","No","No","No","No","No","No","No","No","No","No","No","No","No","No","No","No","No","No","No","No","No","No","No","No","No","No","No","No","No","No","No","No","No","No","No","No","No","No","No","No","No","No"
"SIM-PAT-014","Jyoti Pandey","Cohort 1: Low Risk / Routine Screening","Mild non-cyclical tender point, no lumps","2026-08-31T15:18:15.680Z","Low","1","1","0","0","1","0","0","1","0","0","1","0","0","FALSE","None","None","Continue routine breast self-awareness, periodic clinical screening, and age-appropriate mammography as recommended by your physician.","30–40 years","18–25 years","20–30 years","0","6–12 months","< 1 year","No family history","Never","Vegetarian / Plant-based","No","No","No","No","No","No","No","No","No","No","No","No","No","No","No","No","No","No","No","No","No","No","No","No","No","No","No","No","No","No","No","No","No","No","No","No","No","No","No","No","No","No","No","No","No","No","No","No","No","No","No","No","No","No","No","No"
"SIM-PAT-015","Mamta Patel","Cohort 1: Low Risk / Routine Screening","Mild non-cyclical tender point, no lumps","2026-09-09T04:53:45.596Z","Low","2","2","0","0","1","0","0","1","0","0","1","0","0","FALSE","None","None","Continue routine breast self-awareness, periodic clinical screening, and age-appropriate mammography as recommended by your physician.","< 30 years","18–25 years","20–30 years","0","> 12 months","Never / None","No family history","Former smoker","Balanced diet","No","No","No","No","No","No","No","No","No","No","No","No","No","No","No","No","No","No","No","No","No","No","No","No","No","No","No","No","No","No","No","No","No","No","No","No","No","No","No","No","No","No","No","No","No","No","No","No","No","No","No","No","No","No","No","No"
"SIM-PAT-016","Anita Yadav","Cohort 1: Low Risk / Routine Screening","Young postpartum screening check","2026-08-27T04:06:34.883Z","Low","1","1","0","0","1","0","0","1","0","0","1","0","0","FALSE","None","None","Continue routine breast self-awareness, periodic clinical screening, and age-appropriate mammography as recommended by your physician.","< 30 years","18–25 years","20–30 years","0","< 6 months","< 1 year","No family history","Never","Vegetarian / Plant-based","No","No","No","No","No","No","No","No","No","No","No","No","No","No","No","No","No","No","No","No","No","No","No","No","No","No","No","No","No","No","No","No","No","No","No","No","No","No","No","No","No","No","No","No","No","No","No","No","No","No","No","No","No","No","No","No"
"SIM-PAT-017","Geeta Mishra","Cohort 1: Low Risk / Routine Screening","Mild non-cyclical tender point, no lumps","2026-08-14T20:10:00.871Z","Low","1","1","0","0","1","0","0","1","0","0","1","0","0","FALSE","None","None","Continue routine breast self-awareness, periodic clinical screening, and age-appropriate mammography as recommended by your physician.","30–40 years","26–30 years","No children","1–2","< 6 months","Never / None","No family history","Never","Balanced diet","No","No","No","No","No","No","No","No","No","No","No","No","No","No","No","No","No","No","No","No","No","No","No","No","No","No","No","No","No","No","No","No","No","No","No","No","No","No","No","No","No","No","No","No","No","No","No","No","No","No","No","No","No","No","No","No"
"SIM-PAT-018","Sarita Nair","Cohort 1: Low Risk / Routine Screening","Perimenopausal routine breast screening","2026-08-25T22:40:09.803Z","Low","2","1","1","1","1","1","0","1","0","0","1","0","1","FALSE","None","None","Continue routine breast self-awareness, periodic clinical screening, and age-appropriate mammography as recommended by your physician.","< 30 years","26–30 years","No children","1–2","< 6 months","Never / None","No family history","Never","Balanced diet","No","No","No","No","No","No","No","No","No","No","No","No","No","No","No","No","No","Yes","No","No","No","No","No","No","No","No","No","No","No","No","No","No","No","No","No","No","No","No","No","No","No","No","No","No","No","No","No","No","No","No","No","No","No","No","No","No"
"SIM-PAT-019","Usha Chatterjee","Cohort 1: Low Risk / Routine Screening","Perimenopausal routine breast screening","2026-08-18T02:13:28.062Z","Low","0","0","0","0","1","0","0","1","0","0","1","0","0","FALSE","None","None","Continue routine breast self-awareness, periodic clinical screening, and age-appropriate mammography as recommended by your physician.","30–40 years","18–25 years","20–30 years","1–2","> 12 months","Never / None","No family history","Never","Vegetarian / Plant-based","No","No","No","No","No","No","No","No","No","No","No","No","No","No","No","No","No","No","No","No","No","No","No","No","No","No","No","No","No","No","No","No","No","No","No","No","No","No","No","No","No","No","No","No","No","No","No","No","No","No","No","No","No","No","No","No"
"SIM-PAT-020","Lakshmi Choudhary","Cohort 1: Low Risk / Routine Screening","Young asymptomatic wellness check","2026-09-05T13:14:13.595Z","Low","2","2","0","0","1","0","0","1","0","0","1","0","0","FALSE","None","None","Continue routine breast self-awareness, periodic clinical screening, and age-appropriate mammography as recommended by your physician.","< 30 years","Unmarried / N/A","20–30 years","0","< 6 months","Never / None","No family history","Former smoker","Balanced diet","No","No","No","No","No","No","No","No","No","No","No","No","No","No","No","No","No","No","No","No","No","No","No","No","No","No","No","No","No","No","No","No","No","No","No","No","No","No","No","No","No","No","No","No","No","No","No","No","No","No","No","No","No","No","No","No"
"SIM-PAT-021","Manju Sharma","Cohort 1: Low Risk / Routine Screening","Perimenopausal routine breast screening","2026-08-19T19:16:28.480Z","Low","2.1","1","1.1","0","1","0","1","1.1","1.1","0","1","0","1","FALSE","None","None","Continue routine breast self-awareness, periodic clinical screening, and age-appropriate mammography as recommended by your physician.","< 30 years","Unmarried / N/A","No children","0","> 12 months","Never / None","No family history","Never","Balanced diet","No","No","No","No","No","No","No","No","No","No","No","No","No","No","No","No","No","No","No","No","No","No","No","No","No","No","No","No","No","No","No","No","Yes","No","No","No","No","No","No","No","No","No","No","No","No","No","No","No","No","No","No","No","No","No","No","No"
"SIM-PAT-022","Archana Gupta","Cohort 1: Low Risk / Routine Screening","Young postpartum screening check","2026-09-10T07:34:39.120Z","Low","0","0","0","0","1","0","0","1","0","0","1","0","0","FALSE","None","None","Continue routine breast self-awareness, periodic clinical screening, and age-appropriate mammography as recommended by your physician.","< 30 years","Unmarried / N/A","20–30 years","1–2","6–12 months","Never / None","No family history","Never","Balanced diet","No","No","No","No","No","No","No","No","No","No","No","No","No","No","No","No","No","No","No","No","No","No","No","No","No","No","No","No","No","No","No","No","No","No","No","No","No","No","No","No","No","No","No","No","No","No","No","No","No","No","No","No","No","No","No","No"
"SIM-PAT-023","Vandana Kushwaha","Cohort 1: Low Risk / Routine Screening","Perimenopausal routine breast screening","2026-09-02T15:17:28.153Z","Low","0","0","0","0","1","0","0","1","0","0","1","0","0","FALSE","None","None","Continue routine breast self-awareness, periodic clinical screening, and age-appropriate mammography as recommended by your physician.","30–40 years","26–30 years","20–30 years","1–2","> 12 months","< 1 year","No family history","Never","Balanced diet","No","No","No","No","No","No","No","No","No","No","No","No","No","No","No","No","No","No","No","No","No","No","No","No","No","No","No","No","No","No","No","No","No","No","No","No","No","No","No","No","No","No","No","No","No","No","No","No","No","No","No","No","No","No","No","No"
"SIM-PAT-024","Swati Trivedi","Cohort 1: Low Risk / Routine Screening","Young asymptomatic wellness check","2026-08-26T11:55:02.138Z","Low","2","1","1","1","1","1","0","1","0","0","1","0","1","FALSE","None","None","Continue routine breast self-awareness, periodic clinical screening, and age-appropriate mammography as recommended by your physician.","< 30 years","26–30 years","No children","1–2","< 6 months","Never / None","No family history","Never","Balanced diet","No","No","No","No","No","No","No","No","No","No","No","No","No","No","No","No","No","Yes","No","No","No","No","No","No","No","No","No","No","No","No","No","No","No","No","No","No","No","No","No","No","No","No","No","No","No","No","No","No","No","No","No","No","No","No","No","No"
"SIM-PAT-025","Neha Iyer","Cohort 1: Low Risk / Routine Screening","Young postpartum screening check","2026-08-28T08:01:45.928Z","Low","0","0","0","0","1","0","0","1","0","0","1","0","0","FALSE","None","None","Continue routine breast self-awareness, periodic clinical screening, and age-appropriate mammography as recommended by your physician.","< 30 years","18–25 years","20–30 years","1–2","6–12 months","Never / None","No family history","Never","Vegetarian / Plant-based","No","No","No","No","No","No","No","No","No","No","No","No","No","No","No","No","No","No","No","No","No","No","No","No","No","No","No","No","No","No","No","No","No","No","No","No","No","No","No","No","No","No","No","No","No","No","No","No","No","No","No","No","No","No","No","No"
"SIM-PAT-026","Preeti Deshmukh","Cohort 1: Low Risk / Routine Screening","Young asymptomatic wellness check","2026-08-29T14:29:41.557Z","Low","1","1","0","0","1","0","0","1","0","0","1","0","0","FALSE","None","None","Continue routine breast self-awareness, periodic clinical screening, and age-appropriate mammography as recommended by your physician.","< 30 years","26–30 years","No children","1–2","< 6 months","< 1 year","No family history","Never","Balanced diet","No","No","No","No","No","No","No","No","No","No","No","No","No","No","No","No","No","No","No","No","No","No","No","No","No","No","No","No","No","No","No","No","No","No","No","No","No","No","No","No","No","No","No","No","No","No","No","No","No","No","No","No","No","No","No","No"
"SIM-PAT-027","Komal Shukla","Cohort 1: Low Risk / Routine Screening","Young postpartum screening check","2026-08-27T14:16:23.886Z","Low","2","1","1","1","1","1","0","1","0","0","1","0","1","FALSE","None","None","Continue routine breast self-awareness, periodic clinical screening, and age-appropriate mammography as recommended by your physician.","< 30 years","Unmarried / N/A","No children","1–2","6–12 months","Never / None","No family history","Never","Vegetarian / Plant-based","No","No","No","No","No","No","No","No","Yes","No","No","No","No","No","No","No","No","No","No","No","No","No","No","No","No","No","No","No","No","No","No","No","No","No","No","No","No","No","No","No","No","No","No","No","No","No","No","No","No","No","No","No","No","No","No","No"
"SIM-PAT-028","Divya Verma","Cohort 1: Low Risk / Routine Screening","Perimenopausal routine breast screening","2026-08-26T23:49:03.244Z","Low","1","1","0","0","1","0","0","1","0","0","1","0","0","FALSE","None","None","Continue routine breast self-awareness, periodic clinical screening, and age-appropriate mammography as recommended by your physician.","30–40 years","Unmarried / N/A","No children","1–2","> 12 months","Never / None","No family history","Never","Balanced diet","No","No","No","No","No","No","No","No","No","No","No","No","No","No","No","No","No","No","No","No","No","No","No","No","No","No","No","No","No","No","No","No","No","No","No","No","No","No","No","No","No","No","No","No","No","No","No","No","No","No","No","No","No","No","No","No"
"SIM-PAT-029","Smita Singh","Cohort 1: Low Risk / Routine Screening","Young postpartum screening check","2026-08-30T20:49:33.768Z","Low","1","0","1","1","1","1","0","1","0","0","1","0","1","FALSE","None","None","Continue routine breast self-awareness, periodic clinical screening, and age-appropriate mammography as recommended by your physician.","30–40 years","18–25 years","20–30 years","1–2","> 12 months","Never / None","No family history","Never","Balanced diet","No","No","No","No","No","No","No","No","No","No","No","No","No","No","No","No","No","Yes","No","No","No","No","No","No","No","No","No","No","No","No","No","No","No","No","No","No","No","No","No","No","No","No","No","No","No","No","No","No","No","No","No","No","No","No","No","No"
"SIM-PAT-030","Radha Joshi","Cohort 1: Low Risk / Routine Screening","Young postpartum screening check","2026-08-30T17:01:23.027Z","Low","3","2","1","1","1","1","0","1","0","0","1","0","1","FALSE","None","None","Continue routine breast self-awareness, periodic clinical screening, and age-appropriate mammography as recommended by your physician.","< 30 years","18–25 years","No children","1–2","6–12 months","Never / None","No family history","Former smoker","Balanced diet","No","No","No","No","No","No","No","No","Yes","No","No","No","No","No","No","No","No","No","No","No","No","No","No","No","No","No","No","No","No","No","No","No","No","No","No","No","No","No","No","No","No","No","No","No","No","No","No","No","No","No","No","No","No","No","No","No"
"SIM-PAT-031","Aaradhya Reddy","Cohort 2: Moderate Risk (Reproductive / Mild Localized)","Late first childbirth + focal swelling","2026-08-19T08:49:05.181Z","Moderate","9.5","4","5.5","0","1","0","3","1.1","3.3","2","1.1","2.2","3","FALSE","None","None","Schedule a clinical breast consultation within 2–4 weeks. A healthcare provider will perform a physical examination and determine if imaging or observation is appropriate.","41–50 years","> 30 years","No children","1–2","None","< 1 year","No family history","Never","High fat / processed foods","No","No","No","No","No","No","No","No","No","No","No","No","No","No","No","No","No","No","No","Yes","No","No","No","No","No","Yes","No","No","No","No","No","No","No","No","No","No","No","No","No","No","No","No","No","No","No","No","No","No","No","No","No","No","No","No","Yes","No"
"SIM-PAT-032","Pooja Banerjee","Cohort 2: Moderate Risk (Reproductive / Mild Localized)","Hormonal contraceptive use >5 yrs + cyclical breast mastalgia","2026-08-14T10:52:13.528Z","Moderate","10.6","4","6.6","0","1","0","6","1.1","6.6","0","1","0","3","FALSE","None","None","Schedule a clinical breast consultation within 2–4 weeks. A healthcare provider will perform a physical examination and determine if imaging or observation is appropriate.","30–40 years","18–25 years","No children","1–2","None","> 5 years","No family history","Former smoker","High fat / processed foods","No","No","No","No","No","No","No","No","No","No","No","No","No","No","No","No","No","No","No","Yes","No","No","No","No","No","No","No","Yes","No","No","No","No","No","No","Yes","No","No","No","No","No","No","No","No","No","No","No","No","No","No","No","No","No","No","No","No","No"
"SIM-PAT-033","Sunita Kulkarni","Cohort 2: Moderate Risk (Reproductive / Mild Localized)","Moderate lifestyle risk + shoulder / axillary ache","2026-09-05T14:03:13.787Z","Low","3.1","2","1.1","0","1","0","1","1.1","1.1","0","1","0","1","FALSE","None","None","Continue routine breast self-awareness, periodic clinical screening, and age-appropriate mammography as recommended by your physician.","30–40 years","> 30 years","20–30 years","1–2","< 6 months","1–5 years","No family history","Current smoker","Balanced diet","No","No","No","No","No","No","No","No","No","No","No","No","No","No","No","No","No","No","No","No","No","No","No","No","No","Yes","No","No","No","No","No","No","No","No","No","No","No","No","No","No","No","No","No","No","No","No","No","No","No","No","No","No","No","No","No","No"
"SIM-PAT-034","Meera Pandey","Cohort 2: Moderate Risk (Reproductive / Mild Localized)","Moderate lifestyle risk + shoulder / axillary ache","2026-09-01T09:28:09.665Z","Low","7.1","6","1.1","0","1","0","1","1.1","1.1","0","1","0","1","FALSE","None","None","Continue routine breast self-awareness, periodic clinical screening, and age-appropriate mammography as recommended by your physician.","41–50 years","> 30 years","> 30 years","0","None","1–5 years","Other relative with breast cancer","Former smoker","High fat / processed foods","No","No","No","No","No","No","No","No","No","No","No","No","No","No","No","No","No","No","No","No","No","No","No","No","No","Yes","No","No","No","No","No","No","No","No","No","No","No","No","No","No","No","No","No","No","No","No","No","No","No","No","No","No","No","No","No","No"
"SIM-PAT-035","Ananya Patel","Cohort 2: Moderate Risk (Reproductive / Mild Localized)","Hormonal contraceptive use >5 yrs + cyclical breast mastalgia","2026-09-08T07:44:07.395Z","Moderate","8.1","5","3.1","2","1","2","1","1.1","1.1","0","1","0","2","FALSE","None","None","Schedule a clinical breast consultation within 2–4 weeks. A healthcare provider will perform a physical examination and determine if imaging or observation is appropriate.","41–50 years","18–25 years","> 30 years","1–2","Never","1–5 years","No family history","Current smoker","High fat / processed foods","No","No","No","No","No","No","Yes","No","No","No","No","No","No","No","No","No","No","No","No","No","No","No","No","No","No","Yes","No","No","No","No","No","No","No","No","No","No","No","No","No","No","No","No","No","No","No","No","No","No","No","No","No","No","No","No","No","No"
"SIM-PAT-036","Deepa Yadav","Cohort 2: Moderate Risk (Reproductive / Mild Localized)","Moderate lifestyle risk + shoulder / axillary ache","2026-09-03T00:38:39.103Z","Low","7","5","2","2","1","2","0","1","0","0","1","0","1","FALSE","None","None","Continue routine breast self-awareness, periodic clinical screening, and age-appropriate mammography as recommended by your physician.","41–50 years","26–30 years","> 30 years","0","< 6 months","1–5 years","Other relative with breast cancer","Current smoker","High fat / processed foods","No","No","No","No","No","No","Yes","No","No","No","No","No","No","No","No","No","No","No","No","No","No","No","No","No","No","No","No","No","No","No","No","No","No","No","No","No","No","No","No","No","No","No","No","No","No","No","No","No","No","No","No","No","No","No","No","No"
"SIM-PAT-037","Kavita Mishra","Cohort 2: Moderate Risk (Reproductive / Mild Localized)","Hormonal contraceptive use >5 yrs + cyclical breast mastalgia","2026-08-20T09:33:58.620Z","Moderate","8.2","6","2.2","0","1","0","0","1","0","2","1.1","2.2","1","FALSE","None","None","Schedule a clinical breast consultation within 2–4 weeks. A healthcare provider will perform a physical examination and determine if imaging or observation is appropriate.","41–50 years","26–30 years","No children","0","Never","1–5 years","No family history","Former smoker","High fat / processed foods","No","No","No","No","No","No","No","No","No","No","No","No","No","No","No","No","No","No","No","No","No","No","No","No","No","No","No","No","No","No","No","No","No","No","No","No","No","No","No","No","No","No","No","No","No","No","No","No","No","No","No","No","No","No","Yes","No"
"SIM-PAT-038","Sangeeta Nair","Cohort 2: Moderate Risk (Reproductive / Mild Localized)","Late first childbirth + focal swelling","2026-08-12T06:31:18.264Z","Moderate","10.4","6","4.4","0","1","0","4","1.1","4.4","0","1","0","2","FALSE","None","None","Schedule a clinical breast consultation within 2–4 weeks. A healthcare provider will perform a physical examination and determine if imaging or observation is appropriate.","41–50 years","26–30 years","20–30 years","0","Never","> 5 years","No family history","Current smoker","High fat / processed foods","No","No","No","No","No","No","No","No","No","No","No","No","No","No","No","No","No","No","No","No","No","No","No","No","No","No","No","Yes","No","No","No","No","No","No","Yes","No","No","No","No","No","No","No","No","No","No","No","No","No","No","No","No","No","No","No","No","No"
"SIM-PAT-039","Rekha Chatterjee","Cohort 2: Moderate Risk (Reproductive / Mild Localized)","Moderate lifestyle risk + shoulder / axillary ache","2026-08-14T23:40:55.897Z","Low","7","5","2","2","1","2","0","1","0","0","1","0","1","FALSE","None","None","Continue routine breast self-awareness, periodic clinical screening, and age-appropriate mammography as recommended by your physician.","41–50 years","26–30 years","No children","1–2","Never","1–5 years","Other relative with breast cancer","Never","Balanced diet","No","No","No","No","No","No","Yes","No","No","No","No","No","No","No","No","No","No","No","No","No","No","No","No","No","No","No","No","No","No","No","No","No","No","No","No","No","No","No","No","No","No","No","No","No","No","No","No","No","No","No","No","No","No","No","No","No"
"SIM-PAT-040","Ritu Choudhary","Cohort 2: Moderate Risk (Reproductive / Mild Localized)","Hormonal contraceptive use >5 yrs + cyclical breast mastalgia","2026-08-19T08:31:43.314Z","Low","5.1","4","1.1","0","1","0","1","1.1","1.1","0","1","0","1","FALSE","None","None","Continue routine breast self-awareness, periodic clinical screening, and age-appropriate mammography as recommended by your physician.","41–50 years","> 30 years","No children","1–2","< 6 months","< 1 year","No family history","Former smoker","High fat / processed foods","No","No","No","No","No","No","No","No","No","No","No","No","No","No","No","No","No","No","No","No","No","No","No","No","No","Yes","No","No","No","No","No","No","No","No","No","No","No","No","No","No","No","No","No","No","No","No","No","No","No","No","No","No","No","No","No","No"
"SIM-PAT-041","Priyanka Sharma","Cohort 2: Moderate Risk (Reproductive / Mild Localized)","Late first childbirth + focal swelling","2026-09-04T10:07:38.087Z","Moderate","8.1","5","3.1","2","1","2","1","1.1","1.1","0","1","0","2","FALSE","None","None","Schedule a clinical breast consultation within 2–4 weeks. A healthcare provider will perform a physical examination and determine if imaging or observation is appropriate.","41–50 years","18–25 years","20–30 years","0","None","< 1 year","No family history","Former smoker","Balanced diet","No","No","No","No","No","No","No","No","No","No","No","No","No","No","No","Yes","No","No","No","No","No","No","No","No","No","No","No","No","No","No","No","No","Yes","No","No","No","No","No","No","No","No","No","No","No","No","No","No","No","No","No","No","No","No","No","No","No"
"SIM-PAT-042","Nisha Gupta","Cohort 2: Moderate Risk (Reproductive / Mild Localized)","Hormonal contraceptive use >5 yrs + cyclical breast mastalgia","2026-09-05T23:10:28.278Z","Moderate","9.4","5","4.4","0","1","0","4","1.1","4.4","0","1","0","2","FALSE","None","None","Schedule a clinical breast consultation within 2–4 weeks. A healthcare provider will perform a physical examination and determine if imaging or observation is appropriate.","41–50 years","26–30 years","> 30 years","1–2","None","> 5 years","No family history","Former smoker","High fat / processed foods","No","No","No","No","No","No","No","No","No","No","No","No","No","No","No","No","No","No","No","No","No","No","No","No","No","No","No","Yes","No","No","No","No","No","No","Yes","No","No","No","No","No","No","No","No","No","No","No","No","No","No","No","No","No","No","No","No","No"
"SIM-PAT-043","Shalini Kushwaha","Cohort 2: Moderate Risk (Reproductive / Mild Localized)","Moderate lifestyle risk + shoulder / axillary ache","2026-08-30T07:57:28.828Z","Low","5.1","3","2.1","1","1","1","1","1.1","1.1","0","1","0","2","FALSE","None","None","Continue routine breast self-awareness, periodic clinical screening, and age-appropriate mammography as recommended by your physician.","30–40 years","26–30 years","No children","1–2","< 6 months","1–5 years","No family history","Former smoker","Balanced diet","No","No","No","No","No","No","No","No","No","No","No","No","No","No","No","No","No","Yes","No","No","No","No","No","No","No","Yes","No","No","No","No","No","No","No","No","No","No","No","No","No","No","No","No","No","No","No","No","No","No","No","No","No","No","No","No","No","No"
"SIM-PAT-044","Jyoti Trivedi","Cohort 2: Moderate Risk (Reproductive / Mild Localized)","Moderate lifestyle risk + shoulder / axillary ache","2026-08-28T01:52:29.945Z","Moderate","10.4","6","4.4","0","1","0","4","1.1","4.4","0","1","0","2","FALSE","None","None","Schedule a clinical breast consultation within 2–4 weeks. A healthcare provider will perform a physical examination and determine if imaging or observation is appropriate.","41–50 years","> 30 years","No children","1–2","Never","> 5 years","No family history","Current smoker","Balanced diet","No","No","No","No","No","No","No","No","No","No","No","No","No","No","No","No","No","No","No","Yes","No","No","No","No","No","No","No","Yes","No","No","No","No","No","No","No","No","No","No","No","No","No","No","No","No","No","No","No","No","No","No","No","No","No","No","No","No"
"SIM-PAT-045","Mamta Iyer","Cohort 2: Moderate Risk (Reproductive / Mild Localized)","Hormonal contraceptive use >5 yrs + cyclical breast mastalgia","2026-08-22T23:14:12.101Z","Urgent","8.2","5","3.2","1","1","1","0","1","0","2","1.1","2.2","2","TRUE","Metastatic Pattern Alert","Concomitant primary breast findings and systemic symptoms detected (requires prompt systemic staging).","Prompt in-person clinical evaluation is strongly recommended. Please consult a breast oncologist or breast surgeon within 24–48 hours for diagnostic evaluation (clinical exam, bilateral mammography, ultrasound, and/or biopsy).","41–50 years","26–30 years","No children","1–2","None","< 1 year","Other relative with breast cancer","Former smoker","High fat / processed foods","No","No","No","No","No","No","No","No","Yes","No","No","No","No","No","No","No","No","No","No","No","No","No","No","No","No","No","No","No","No","No","No","No","No","No","No","No","No","No","No","No","No","No","No","No","No","No","No","No","No","No","No","No","No","No","Yes","No"
"SIM-PAT-046","Anita Deshmukh","Cohort 2: Moderate Risk (Reproductive / Mild Localized)","Late first childbirth + focal swelling","2026-08-14T00:40:04.066Z","Moderate","8.4","4","4.4","0","1","0","2","1.1","2.2","2","1.1","2.2","2","FALSE","None","None","Schedule a clinical breast consultation within 2–4 weeks. A healthcare provider will perform a physical examination and determine if imaging or observation is appropriate.","41–50 years","> 30 years","No children","1–2","< 6 months","> 5 years","No family history","Never","High fat / processed foods","No","No","No","No","No","No","No","No","No","No","No","No","No","No","No","No","No","No","No","No","No","No","No","No","No","No","No","No","No","No","No","No","No","No","Yes","No","No","No","No","No","No","No","No","No","No","No","No","No","No","No","No","No","No","No","Yes","No"
"SIM-PAT-047","Geeta Shukla","Cohort 2: Moderate Risk (Reproductive / Mild Localized)","Moderate lifestyle risk + shoulder / axillary ache","2026-09-03T09:04:47.412Z","Moderate","8.2","4","4.2","2","1","2","2","1.1","2.2","0","1","0","2","FALSE","None","None","Schedule a clinical breast consultation within 2–4 weeks. A healthcare provider will perform a physical examination and determine if imaging or observation is appropriate.","41–50 years","18–25 years","No children","0","< 6 months","1–5 years","No family history","Never","High fat / processed foods","No","No","No","No","No","No","Yes","No","No","No","No","No","No","No","No","No","No","No","No","No","No","No","No","No","No","No","No","No","No","No","No","No","No","No","Yes","No","No","No","No","No","No","No","No","No","No","No","No","No","No","No","No","No","No","No","No","No"
"SIM-PAT-048","Sarita Verma","Cohort 2: Moderate Risk (Reproductive / Mild Localized)","Nulliparous 42yo + mild skin thickening without lump","2026-08-11T11:22:48.723Z","Low","6.1","4","2.1","1","1","1","1","1.1","1.1","0","1","0","2","FALSE","None","None","Continue routine breast self-awareness, periodic clinical screening, and age-appropriate mammography as recommended by your physician.","41–50 years","18–25 years","20–30 years","1–2","< 6 months","> 5 years","Other relative with breast cancer","Current smoker","High fat / processed foods","No","No","No","No","No","No","No","No","Yes","No","No","No","No","No","No","No","No","No","No","No","No","No","No","No","No","No","No","No","No","No","No","No","Yes","No","No","No","No","No","No","No","No","No","No","No","No","No","No","No","No","No","No","No","No","No","No","No"
"SIM-PAT-049","Usha Singh","Cohort 2: Moderate Risk (Reproductive / Mild Localized)","Hormonal contraceptive use >5 yrs + cyclical breast mastalgia","2026-08-23T18:47:52.590Z","Low","7","5","2","2","1","2","0","1","0","0","1","0","2","FALSE","None","None","Continue routine breast self-awareness, periodic clinical screening, and age-appropriate mammography as recommended by your physician.","41–50 years","18–25 years","> 30 years","1–2","None","1–5 years","Other relative with breast cancer","Former smoker","High fat / processed foods","No","No","No","No","No","No","No","No","Yes","No","No","No","No","No","No","No","No","Yes","No","No","No","No","No","No","No","No","No","No","No","No","No","No","No","No","No","No","No","No","No","No","No","No","No","No","No","No","No","No","No","No","No","No","No","No","No","No"
"SIM-PAT-050","Lakshmi Joshi","Cohort 2: Moderate Risk (Reproductive / Mild Localized)","Nulliparous 42yo + mild skin thickening without lump","2026-08-29T18:09:50.153Z","Moderate","9.5","4","5.5","0","1","0","5","1.1","5.5","0","1","0","3","FALSE","None","None","Schedule a clinical breast consultation within 2–4 weeks. A healthcare provider will perform a physical examination and determine if imaging or observation is appropriate.","30–40 years","18–25 years","> 30 years","0","None","1–5 years","Other relative with breast cancer","Former smoker","Balanced diet","No","No","No","No","No","No","No","No","No","No","No","No","No","No","No","No","No","No","No","No","No","No","No","No","No","No","No","Yes","No","No","No","No","Yes","No","Yes","No","No","No","No","No","No","No","No","No","No","No","No","No","No","No","No","No","No","No","No","No"
"SIM-PAT-051","Manju Reddy","Cohort 2: Moderate Risk (Reproductive / Mild Localized)","Late first childbirth + focal swelling","2026-08-11T20:23:33.777Z","Low","6.5","1","5.5","0","1","0","3","1.1","3.3","2","1.1","2.2","3","FALSE","None","None","Continue routine breast self-awareness, periodic clinical screening, and age-appropriate mammography as recommended by your physician.","30–40 years","26–30 years","> 30 years","0","< 6 months","< 1 year","No family history","Never","Balanced diet","No","No","No","No","No","No","No","No","No","No","No","No","No","No","No","No","No","No","No","No","No","No","No","No","No","Yes","No","No","No","No","No","No","No","No","Yes","No","No","No","No","No","No","No","No","No","No","No","No","No","No","No","No","No","No","No","Yes","No"
"SIM-PAT-052","Archana Banerjee","Cohort 2: Moderate Risk (Reproductive / Mild Localized)","Hormonal contraceptive use >5 yrs + cyclical breast mastalgia","2026-09-04T08:22:38.314Z","Low","7.2","5","2.2","0","1","0","2","1.1","2.2","0","1","0","1","FALSE","None","None","Continue routine breast self-awareness, periodic clinical screening, and age-appropriate mammography as recommended by your physician.","41–50 years","> 30 years","> 30 years","0","Never","< 1 year","Other relative with breast cancer","Former smoker","High fat / processed foods","No","No","No","No","No","No","No","No","No","No","No","No","No","No","No","No","No","No","No","No","No","No","No","No","No","No","No","No","No","No","No","No","No","No","Yes","No","No","No","No","No","No","No","No","No","No","No","No","No","No","No","No","No","No","No","No","No"
"SIM-PAT-053","Vandana Kulkarni","Cohort 2: Moderate Risk (Reproductive / Mild Localized)","Nulliparous 42yo + mild skin thickening without lump","2026-08-19T15:14:08.300Z","Low","7.1","6","1.1","0","1","0","1","1.1","1.1","0","1","0","1","FALSE","None","None","Continue routine breast self-awareness, periodic clinical screening, and age-appropriate mammography as recommended by your physician.","41–50 years","26–30 years","> 30 years","0","None","1–5 years","Other relative with breast cancer","Current smoker","Balanced diet","No","No","No","No","No","No","No","No","No","No","No","No","No","No","No","No","No","No","No","No","No","No","No","No","No","Yes","No","No","No","No","No","No","No","No","No","No","No","No","No","No","No","No","No","No","No","No","No","No","No","No","No","No","No","No","No","No"
"SIM-PAT-054","Swati Pandey","Cohort 2: Moderate Risk (Reproductive / Mild Localized)","Moderate lifestyle risk + shoulder / axillary ache","2026-09-09T21:22:06.131Z","Moderate","9.2","5","4.2","2","1","2","2","1.1","2.2","0","1","0","2","FALSE","None","None","Schedule a clinical breast consultation within 2–4 weeks. A healthcare provider will perform a physical examination and determine if imaging or observation is appropriate.","41–50 years","18–25 years","No children","1–2","< 6 months","> 5 years","No family history","Current smoker","High fat / processed foods","No","No","No","No","No","No","Yes","No","No","No","No","No","No","No","No","No","No","No","No","No","No","No","No","No","No","No","No","Yes","No","No","No","No","No","No","No","No","No","No","No","No","No","No","No","No","No","No","No","No","No","No","No","No","No","No","No","No"
"SIM-PAT-055","Neha Patel","Cohort 2: Moderate Risk (Reproductive / Mild Localized)","Nulliparous 42yo + mild skin thickening without lump","2026-08-12T05:13:59.493Z","Low","6.4","2","4.4","0","1","0","4","1.1","4.4","0","1","0","2","FALSE","None","None","Continue routine breast self-awareness, periodic clinical screening, and age-appropriate mammography as recommended by your physician.","30–40 years","> 30 years","20–30 years","0","< 6 months","1–5 years","No family history","Never","Balanced diet","No","No","No","No","No","No","No","No","No","No","No","No","No","No","No","No","No","No","No","No","No","No","No","No","No","No","No","Yes","No","No","No","No","No","No","Yes","No","No","No","No","No","No","No","No","No","No","No","No","No","No","No","No","No","No","No","No","No"
"SIM-PAT-056","Preeti Yadav","Cohort 3: High Risk (Significant Suspicion / Palpable Lump)","Axillary lymphadenopathy + palpable breast mass","2026-08-12T13:44:42.028Z","Moderate","12.5","8","4.5","3","1.5","4.5","0","1.5","0","0","1.5","0","1","FALSE","None","None","Schedule a clinical breast consultation within 2–4 weeks. A healthcare provider will perform a physical examination and determine if imaging or observation is appropriate.","> 50 years","26–30 years","20–30 years","0","Never","Never / None","Mother / Sister / Daughter with breast/ovarian cancer","Current smoker","High fat / processed foods","Yes","No","No","No","No","No","No","No","No","No","No","No","No","No","No","No","No","No","No","No","No","No","No","No","No","No","No","No","No","No","No","No","No","No","No","No","No","No","No","No","No","No","No","No","No","No","No","No","No","No","No","No","No","No","No","No"
"SIM-PAT-057","Komal Mishra","Cohort 3: High Risk (Significant Suspicion / Palpable Lump)","Axillary lymphadenopathy + palpable breast mass","2026-08-15T22:30:55.567Z","High","19.5","6","13.5","7","1.5","10.5","2","1.5","3","0","1.5","0","4","FALSE","None","None","Clinical evaluation within a few days is recommended. Schedule an appointment with a breast health clinician for focused examination and diagnostic breast imaging.","41–50 years","26–30 years","> 30 years","0","Never","> 5 years","Other relative with breast cancer","Current smoker","Balanced diet","Yes","No","No","No","Yes","No","No","No","Yes","No","No","No","No","No","No","No","No","No","No","No","No","No","No","No","No","No","No","Yes","No","No","No","No","No","No","No","No","No","No","No","No","No","No","No","No","No","No","No","No","No","No","No","No","No","No","No","No"
"SIM-PAT-058","Divya Nair","Cohort 3: High Risk (Significant Suspicion / Palpable Lump)","Focal skin thickening + retraction without full triad","2026-08-14T22:51:50.601Z","Moderate","14","5","9","3","1.5","4.5","3","1.5","4.5","0","1.5","0","2","FALSE","None","None","Schedule a clinical breast consultation within 2–4 weeks. A healthcare provider will perform a physical examination and determine if imaging or observation is appropriate.","41–50 years","> 30 years","20–30 years","1–2","Never","1–5 years","Other relative with breast cancer","Current smoker","High fat / processed foods","No","No","No","No","No","No","No","No","No","Yes","No","No","No","No","No","No","No","No","No","No","No","No","No","No","No","No","No","No","No","No","No","No","No","Yes","No","No","No","No","No","No","No","No","No","No","No","No","No","No","No","No","No","No","No","No","No","No"
"SIM-PAT-059","Smita Chatterjee","Cohort 3: High Risk (Significant Suspicion / Palpable Lump)","Axillary lymphadenopathy + palpable breast mass","2026-09-03T14:06:23.816Z","High","20","5","15","7","1.5","10.5","3","1.5","4.5","0","1.5","0","4","FALSE","None","None","Clinical evaluation within a few days is recommended. Schedule an appointment with a breast health clinician for focused examination and diagnostic breast imaging.","41–50 years","26–30 years","> 30 years","1–2","Never","> 5 years","Other relative with breast cancer","Current smoker","Balanced diet","Yes","No","No","No","Yes","No","No","No","Yes","No","No","No","No","No","No","No","No","No","No","No","No","No","No","No","No","No","Yes","No","No","No","No","No","No","No","No","No","No","No","No","No","No","No","No","No","No","No","No","No","No","No","No","No","No","No","No","No"
"SIM-PAT-060","Radha Choudhary","Cohort 3: High Risk (Significant Suspicion / Palpable Lump)","Post-menopausal + palpable unilateral lump + family history","2026-08-22T14:18:50.982Z","High","21.5","5","16.5","6","1.5","9","5","1.5","7.5","0","1.5","0","4","FALSE","None","None","Clinical evaluation within a few days is recommended. Schedule an appointment with a breast health clinician for focused examination and diagnostic breast imaging.","> 50 years","> 30 years","> 30 years","0","Never","Never / None","Other relative with breast cancer","Current smoker","Balanced diet","No","No","No","No","No","No","No","No","No","Yes","No","No","No","Yes","No","No","No","No","No","No","No","No","No","No","No","No","No","No","No","No","No","No","No","Yes","Yes","No","No","No","No","No","No","No","No","No","No","No","No","No","No","No","No","No","No","No","No","No"
"SIM-PAT-061","Aaradhya Sharma","Cohort 3: High Risk (Significant Suspicion / Palpable Lump)","Post-menopausal + palpable unilateral lump + family history","2026-09-06T00:57:21.054Z","High","24","9","15","7","1.5","10.5","3","1.5","4.5","0","1.5","0","4","FALSE","None","None","Clinical evaluation within a few days is recommended. Schedule an appointment with a breast health clinician for focused examination and diagnostic breast imaging.","> 50 years","> 30 years","No children","0","Never","1–5 years","Mother / Sister / Daughter with breast/ovarian cancer","Current smoker","High fat / processed foods","No","No","No","No","No","No","No","No","No","Yes","No","No","No","Yes","No","No","No","Yes","No","No","No","No","No","No","No","No","No","No","No","No","No","No","No","Yes","No","No","No","No","No","No","No","No","No","No","No","No","No","No","No","No","No","No","No","No","No","No"
"SIM-PAT-062","Pooja Gupta","Cohort 3: High Risk (Significant Suspicion / Palpable Lump)","High BRM score + palpable abnormality + arm weakness","2026-08-26T00:33:18.300Z","Moderate","15","6","9","6","1.5","9","0","1.5","0","0","1.5","0","2","FALSE","None","None","Schedule a clinical breast consultation within 2–4 weeks. A healthcare provider will perform a physical examination and determine if imaging or observation is appropriate.","> 50 years","26–30 years","> 30 years","1–2","< 6 months","> 5 years","Mother / Sister / Daughter with breast/ovarian cancer","Never","Balanced diet","No","No","No","No","No","No","No","No","No","Yes","No","No","No","Yes","No","No","No","No","No","No","No","No","No","No","No","No","No","No","No","No","No","No","No","No","No","No","No","No","No","No","No","No","No","No","No","No","No","No","No","No","No","No","No","No","No","No"
"SIM-PAT-063","Sunita Kushwaha","Cohort 3: High Risk (Significant Suspicion / Palpable Lump)","High BRM score + palpable abnormality + arm weakness","2026-08-18T19:22:46.797Z","High","16.5","3","13.5","6","1.5","9","3","1.5","4.5","0","1.5","0","3","FALSE","None","None","Clinical evaluation within a few days is recommended. Schedule an appointment with a breast health clinician for focused examination and diagnostic breast imaging.","> 50 years","26–30 years","No children","1–2","< 6 months","Never / None","Other relative with breast cancer","Never","Balanced diet","No","No","No","No","No","No","No","No","No","Yes","No","No","No","Yes","No","No","No","No","No","No","No","No","No","No","No","No","No","No","No","No","No","No","No","Yes","No","No","No","No","No","No","No","No","No","No","No","No","No","No","No","No","No","No","No","No","No","No"
"SIM-PAT-064","Meera Trivedi","Cohort 3: High Risk (Significant Suspicion / Palpable Lump)","Post-menopausal + palpable unilateral lump + family history","2026-09-08T02:04:18.918Z","High","18","9","9","6","1.5","9","0","1.5","0","0","1.5","0","2","FALSE","None","None","Clinical evaluation within a few days is recommended. Schedule an appointment with a breast health clinician for focused examination and diagnostic breast imaging.","> 50 years","> 30 years","> 30 years","0","Never","> 5 years","Mother / Sister / Daughter with breast/ovarian cancer","Former smoker","High fat / processed foods","Yes","No","No","No","Yes","No","No","No","No","No","No","No","No","No","No","No","No","No","No","No","No","No","No","No","No","No","No","No","No","No","No","No","No","No","No","No","No","No","No","No","No","No","No","No","No","No","No","No","No","No","No","No","No","No","No","No"
"SIM-PAT-065","Ananya Iyer","Cohort 3: High Risk (Significant Suspicion / Palpable Lump)","Focal skin thickening + retraction without full triad","2026-08-15T23:33:45.395Z","High","17","8","9","4","1.5","6","2","1.5","3","0","1.5","0","3","FALSE","None","None","Clinical evaluation within a few days is recommended. Schedule an appointment with a breast health clinician for focused examination and diagnostic breast imaging.","> 50 years","26–30 years","> 30 years","0","Never","> 5 years","Mother / Sister / Daughter with breast/ovarian cancer","Never","High fat / processed foods","No","No","No","No","No","No","No","No","No","Yes","No","No","No","No","No","No","No","Yes","No","No","No","No","No","No","No","No","No","No","No","No","No","No","No","No","Yes","No","No","No","No","No","No","No","No","No","No","No","No","No","No","No","No","No","No","No","No","No"
"SIM-PAT-066","Deepa Deshmukh","Cohort 3: High Risk (Significant Suspicion / Palpable Lump)","High BRM score + palpable abnormality + arm weakness","2026-08-26T03:41:54.793Z","Moderate","9.5","5","4.5","3","1.5","4.5","0","1.5","0","0","1.5","0","1","FALSE","None","None","Schedule a clinical breast consultation within 2–4 weeks. A healthcare provider will perform a physical examination and determine if imaging or observation is appropriate.","41–50 years","> 30 years","20–30 years","1–2","Never","1–5 years","Other relative with breast cancer","Former smoker","High fat / processed foods","No","No","No","No","No","No","No","No","No","Yes","No","No","No","No","No","No","No","No","No","No","No","No","No","No","No","No","No","No","No","No","No","No","No","No","No","No","No","No","No","No","No","No","No","No","No","No","No","No","No","No","No","No","No","No","No","No"
"SIM-PAT-067","Kavita Shukla","Cohort 3: High Risk (Significant Suspicion / Palpable Lump)","Post-menopausal + palpable unilateral lump + family history","2026-08-17T15:07:29.677Z","High","23","8","15","7","1.5","10.5","3","1.5","4.5","0","1.5","0","4","FALSE","None","None","Clinical evaluation within a few days is recommended. Schedule an appointment with a breast health clinician for focused examination and diagnostic breast imaging.","> 50 years","> 30 years","No children","1–2","< 6 months","> 5 years","Mother / Sister / Daughter with breast/ovarian cancer","Former smoker","Balanced diet","Yes","No","No","No","Yes","No","No","No","Yes","No","No","No","No","No","No","No","No","No","No","No","No","No","No","No","No","No","Yes","No","No","No","No","No","No","No","No","No","No","No","No","No","No","No","No","No","No","No","No","No","No","No","No","No","No","No","No","No"
"SIM-PAT-068","Sangeeta Verma","Cohort 3: High Risk (Significant Suspicion / Palpable Lump)","High BRM score + palpable abnormality + arm weakness","2026-08-29T10:02:20.578Z","High","21.5","8","13.5","6","1.5","9","3","1.5","4.5","0","1.5","0","3","FALSE","None","None","Clinical evaluation within a few days is recommended. Schedule an appointment with a breast health clinician for focused examination and diagnostic breast imaging.","> 50 years","> 30 years","> 30 years","0","Never","> 5 years","Mother / Sister / Daughter with breast/ovarian cancer","Never","High fat / processed foods","Yes","No","No","No","Yes","No","No","No","No","No","No","No","No","No","No","No","No","No","No","No","No","No","No","No","No","No","Yes","No","No","No","No","No","No","No","No","No","No","No","No","No","No","No","No","No","No","No","No","No","No","No","No","No","No","No","No","No"
"SIM-PAT-069","Rekha Singh","Cohort 3: High Risk (Significant Suspicion / Palpable Lump)","Axillary lymphadenopathy + palpable breast mass","2026-08-22T23:26:48.013Z","Moderate","15.5","5","10.5","7","1.5","10.5","0","1.5","0","0","1.5","0","3","FALSE","None","None","Schedule a clinical breast consultation within 2–4 weeks. A healthcare provider will perform a physical examination and determine if imaging or observation is appropriate.","> 50 years","26–30 years","No children","1–2","Never","Never / None","Other relative with breast cancer","Former smoker","High fat / processed foods","No","No","No","No","No","No","No","No","No","Yes","No","No","No","Yes","No","No","No","Yes","No","No","No","No","No","No","No","No","No","No","No","No","No","No","No","No","No","No","No","No","No","No","No","No","No","No","No","No","No","No","No","No","No","No","No","No","No","No"
"SIM-PAT-070","Ritu Joshi","Cohort 3: High Risk (Significant Suspicion / Palpable Lump)","Axillary lymphadenopathy + palpable breast mass","2026-08-25T23:20:17.419Z","High","19.5","9","10.5","7","1.5","10.5","0","1.5","0","0","1.5","0","3","FALSE","None","None","Clinical evaluation within a few days is recommended. Schedule an appointment with a breast health clinician for focused examination and diagnostic breast imaging.","> 50 years","26–30 years","No children","0","Never","1–5 years","Mother / Sister / Daughter with breast/ovarian cancer","Former smoker","Balanced diet","Yes","No","No","No","Yes","No","No","No","Yes","No","No","No","No","No","No","No","No","No","No","No","No","No","No","No","No","No","No","No","No","No","No","No","No","No","No","No","No","No","No","No","No","No","No","No","No","No","No","No","No","No","No","No","No","No","No","No"
"SIM-PAT-071","Priyanka Reddy","Cohort 3: High Risk (Significant Suspicion / Palpable Lump)","High BRM score + palpable abnormality + arm weakness","2026-08-31T11:08:49.757Z","High","23","8","15","7","1.5","10.5","3","1.5","4.5","0","1.5","0","4","FALSE","None","None","Clinical evaluation within a few days is recommended. Schedule an appointment with a breast health clinician for focused examination and diagnostic breast imaging.","> 50 years","26–30 years","No children","0","< 6 months","> 5 years","Mother / Sister / Daughter with breast/ovarian cancer","Former smoker","Balanced diet","No","No","No","No","No","No","No","No","No","Yes","No","No","No","Yes","No","No","No","Yes","No","No","No","No","No","No","No","No","No","No","No","No","No","No","No","Yes","No","No","No","No","No","No","No","No","No","No","No","No","No","No","No","No","No","No","No","No","No","No"
"SIM-PAT-072","Nisha Banerjee","Cohort 3: High Risk (Significant Suspicion / Palpable Lump)","Post-menopausal + palpable unilateral lump + family history","2026-08-23T04:29:23.298Z","High","17","8","9","6","1.5","9","0","1.5","0","0","1.5","0","2","FALSE","None","None","Clinical evaluation within a few days is recommended. Schedule an appointment with a breast health clinician for focused examination and diagnostic breast imaging.","> 50 years","> 30 years","No children","1–2","Never","Never / None","Mother / Sister / Daughter with breast/ovarian cancer","Former smoker","High fat / processed foods","Yes","No","No","No","Yes","No","No","No","No","No","No","No","No","No","No","No","No","No","No","No","No","No","No","No","No","No","No","No","No","No","No","No","No","No","No","No","No","No","No","No","No","No","No","No","No","No","No","No","No","No","No","No","No","No","No","No"
"SIM-PAT-073","Shalini Kulkarni","Cohort 3: High Risk (Significant Suspicion / Palpable Lump)","Post-menopausal + palpable unilateral lump + family history","2026-08-29T02:05:45.445Z","Moderate","12.5","8","4.5","3","1.5","4.5","0","1.5","0","0","1.5","0","1","FALSE","None","None","Schedule a clinical breast consultation within 2–4 weeks. A healthcare provider will perform a physical examination and determine if imaging or observation is appropriate.","> 50 years","> 30 years","No children","1–2","< 6 months","> 5 years","Mother / Sister / Daughter with breast/ovarian cancer","Former smoker","High fat / processed foods","No","No","No","No","No","No","No","No","No","Yes","No","No","No","No","No","No","No","No","No","No","No","No","No","No","No","No","No","No","No","No","No","No","No","No","No","No","No","No","No","No","No","No","No","No","No","No","No","No","No","No","No","No","No","No","No","No"
"SIM-PAT-074","Jyoti Pandey","Cohort 3: High Risk (Significant Suspicion / Palpable Lump)","High BRM score + palpable abnormality + arm weakness","2026-08-31T14:48:35.185Z","Moderate","15","6","9","6","1.5","9","0","1.5","0","0","1.5","0","2","FALSE","None","None","Schedule a clinical breast consultation within 2–4 weeks. A healthcare provider will perform a physical examination and determine if imaging or observation is appropriate.","41–50 years","18–25 years","> 30 years","1–2","< 6 months","Never / None","Mother / Sister / Daughter with breast/ovarian cancer","Current smoker","High fat / processed foods","Yes","No","No","No","Yes","No","No","No","No","No","No","No","No","No","No","No","No","No","No","No","No","No","No","No","No","No","No","No","No","No","No","No","No","No","No","No","No","No","No","No","No","No","No","No","No","No","No","No","No","No","No","No","No","No","No","No"
"SIM-PAT-075","Mamta Patel","Cohort 3: High Risk (Significant Suspicion / Palpable Lump)","Focal skin thickening + retraction without full triad","2026-08-27T12:41:42.874Z","High","18.5","5","13.5","6","1.5","9","3","1.5","4.5","0","1.5","0","3","FALSE","None","None","Clinical evaluation within a few days is recommended. Schedule an appointment with a breast health clinician for focused examination and diagnostic breast imaging.","> 50 years","26–30 years","> 30 years","0","Never","1–5 years","Other relative with breast cancer","Never","High fat / processed foods","No","No","No","No","No","No","No","No","No","Yes","No","No","No","Yes","No","No","No","No","No","No","No","No","No","No","No","No","No","No","No","No","No","No","No","Yes","No","No","No","No","No","No","No","No","No","No","No","No","No","No","No","No","No","No","No","No","No","No"
"SIM-PAT-076","Anita Yadav","Cohort 3: High Risk (Significant Suspicion / Palpable Lump)","Post-menopausal + palpable unilateral lump + family history","2026-08-19T02:43:55.207Z","High","23","8","15","7","1.5","10.5","3","1.5","4.5","0","1.5","0","4","FALSE","None","None","Clinical evaluation within a few days is recommended. Schedule an appointment with a breast health clinician for focused examination and diagnostic breast imaging.","41–50 years","18–25 years","No children","1–2","Never","1–5 years","Mother / Sister / Daughter with breast/ovarian cancer","Never","Balanced diet","Yes","No","No","No","Yes","No","No","No","Yes","No","No","No","No","No","No","No","No","No","No","No","No","No","No","No","No","No","Yes","No","No","No","No","No","No","No","No","No","No","No","No","No","No","No","No","No","No","No","No","No","No","No","No","No","No","No","No","No"
"SIM-PAT-077","Geeta Mishra","Cohort 3: High Risk (Significant Suspicion / Palpable Lump)","Post-menopausal + palpable unilateral lump + family history","2026-09-08T07:00:53.800Z","High","18","9","9","3","1.5","4.5","3","1.5","4.5","0","1.5","0","2","FALSE","None","None","Clinical evaluation within a few days is recommended. Schedule an appointment with a breast health clinician for focused examination and diagnostic breast imaging.","> 50 years","> 30 years","No children","1–2","Never","> 5 years","Mother / Sister / Daughter with breast/ovarian cancer","Current smoker","High fat / processed foods","Yes","No","No","No","No","No","No","No","No","No","No","No","No","No","No","No","No","No","No","No","No","No","No","No","No","No","Yes","No","No","No","No","No","No","No","No","No","No","No","No","No","No","No","No","No","No","No","No","No","No","No","No","No","No","No","No","No"
"SIM-PAT-078","Sarita Nair","Cohort 3: High Risk (Significant Suspicion / Palpable Lump)","Axillary lymphadenopathy + palpable breast mass","2026-09-08T06:03:17.803Z","High","20","8","12","6","1.5","9","2","1.5","3","0","1.5","0","3","FALSE","None","None","Clinical evaluation within a few days is recommended. Schedule an appointment with a breast health clinician for focused examination and diagnostic breast imaging.","> 50 years","18–25 years","> 30 years","0","Never","Never / None","Mother / Sister / Daughter with breast/ovarian cancer","Current smoker","Balanced diet","No","No","No","No","No","No","No","No","No","Yes","No","No","No","Yes","No","No","No","No","No","No","No","No","No","No","No","No","No","No","No","No","No","No","No","No","Yes","No","No","No","No","No","No","No","No","No","No","No","No","No","No","No","No","No","No","No","No","No"
"SIM-PAT-079","Usha Chatterjee","Cohort 3: High Risk (Significant Suspicion / Palpable Lump)","Post-menopausal + palpable unilateral lump + family history","2026-08-28T17:22:05.804Z","High","17.5","4","13.5","6","1.5","9","3","1.5","4.5","0","1.5","0","3","FALSE","None","None","Clinical evaluation within a few days is recommended. Schedule an appointment with a breast health clinician for focused examination and diagnostic breast imaging.","> 50 years","> 30 years","> 30 years","0","Never","Never / None","Other relative with breast cancer","Never","Balanced diet","Yes","No","No","No","Yes","No","No","No","No","No","No","No","No","No","No","No","No","No","No","No","No","No","No","No","No","No","Yes","No","No","No","No","No","No","No","No","No","No","No","No","No","No","No","No","No","No","No","No","No","No","No","No","No","No","No","No","No"
"SIM-PAT-080","Lakshmi Choudhary","Cohort 3: High Risk (Significant Suspicion / Palpable Lump)","Post-menopausal + palpable unilateral lump + family history","2026-09-06T20:51:15.684Z","High","19","4","15","7","1.5","10.5","3","1.5","4.5","0","1.5","0","4","FALSE","None","None","Clinical evaluation within a few days is recommended. Schedule an appointment with a breast health clinician for focused examination and diagnostic breast imaging.","41–50 years","26–30 years","> 30 years","0","< 6 months","1–5 years","Other relative with breast cancer","Never","High fat / processed foods","No","No","No","No","No","No","No","No","No","Yes","No","No","No","Yes","No","No","No","Yes","No","No","No","No","No","No","No","No","No","No","No","No","No","No","No","Yes","No","No","No","No","No","No","No","No","No","No","No","No","No","No","No","No","No","No","No","No","No","No"
"SIM-PAT-081","Manju Sharma","Cohort 4: Urgent (Safety-Net: Classic Malignancy Triad)","Triad Trigger: Nipple Retraction + Discharge + Skin Dimpling","2026-08-26T05:17:23.117Z","Urgent","21.5","8","13.5","9","1.5","13.5","0","1.5","0","0","1.5","0","3","TRUE","Classic Malignancy Triad","Co-occurrence of nipple retraction, nipple discharge, and skin dimpling represents a classic clinical cluster requiring immediate evaluation.","Prompt in-person clinical evaluation is strongly recommended. Please consult a breast oncologist or breast surgeon within 24–48 hours for diagnostic evaluation (clinical exam, bilateral mammography, ultrasound, and/or biopsy).","> 50 years","26–30 years","> 30 years","1–2","Never","> 5 years","Mother / Sister / Daughter with breast/ovarian cancer","Former smoker","High fat / processed foods","No","Yes","Yes","Yes","No","No","No","No","No","No","No","No","No","No","No","No","No","No","No","No","No","No","No","No","No","No","No","No","No","No","No","No","No","No","No","No","No","No","No","No","No","No","No","No","No","No","No","No","No","No","No","No","No","No","No","No"
"SIM-PAT-082","Archana Gupta","Cohort 4: Urgent (Safety-Net: Metastatic Pattern Alert)","Metastatic Alert: Palpable Breast Mass + Respiratory/Skeletal Symptoms","2026-08-22T10:42:28.226Z","Urgent","14.5","4","10.5","3","1.5","4.5","0","1.5","0","4","1.5","6","3","TRUE","Metastatic Pattern Alert","Concomitant primary breast findings and systemic symptoms detected (requires prompt systemic staging).","Prompt in-person clinical evaluation is strongly recommended. Please consult a breast oncologist or breast surgeon within 24–48 hours for diagnostic evaluation (clinical exam, bilateral mammography, ultrasound, and/or biopsy).","41–50 years","18–25 years","20–30 years","1–2","< 6 months","1–5 years","No family history","Current smoker","Balanced diet","Yes","No","No","No","No","No","No","No","No","No","No","No","No","No","No","No","No","No","No","No","No","No","No","No","No","No","No","No","No","No","No","No","No","No","No","No","No","No","No","No","Yes","No","No","No","No","No","No","No","No","No","Yes","No","No","No","No","No"
"SIM-PAT-083","Vandana Kushwaha","Cohort 4: Urgent (Safety-Net: Ulcerative Skin Lesion)","Ulcerative Alert: Non-healing breast ulcer or open bleeding lesion","2026-09-10T07:45:42.921Z","Urgent","14","2","12","5","1.5","7.5","3","1.5","4.5","0","1.5","0","3","TRUE","Ulcerative / Open Skin Lesion Alert","Ulcer, wound, or active bleeding on breast or neck tissue requires prompt clinical evaluation.","Prompt in-person clinical evaluation is strongly recommended. Please consult a breast oncologist or breast surgeon within 24–48 hours for diagnostic evaluation (clinical exam, bilateral mammography, ultrasound, and/or biopsy).","> 50 years","18–25 years","20–30 years","3 or more","> 12 months","Never / None","No family history","Never","Vegetarian / Plant-based","No","No","No","No","No","No","No","No","No","No","No","No","No","No","No","Yes","Yes","No","No","No","No","No","No","Yes","No","No","No","No","No","No","No","No","No","No","No","No","No","No","No","No","No","No","No","No","No","No","No","No","No","No","No","No","No","No","No","No"
"SIM-PAT-084","Swati Trivedi","Cohort 4: Urgent (Safety-Net: Classic Malignancy Triad)","Triad Trigger: Nipple Retraction + Discharge + Skin Dimpling","2026-08-28T11:55:03.795Z","Urgent","26","8","18","12","1.5","18","0","1.5","0","0","1.5","0","4","TRUE","Classic Malignancy Triad","Co-occurrence of nipple retraction, nipple discharge, and skin dimpling represents a classic clinical cluster requiring immediate evaluation.","Prompt in-person clinical evaluation is strongly recommended. Please consult a breast oncologist or breast surgeon within 24–48 hours for diagnostic evaluation (clinical exam, bilateral mammography, ultrasound, and/or biopsy).","> 50 years","26–30 years","> 30 years","1–2","Never","> 5 years","Mother / Sister / Daughter with breast/ovarian cancer","Former smoker","High fat / processed foods","Yes","Yes","Yes","Yes","No","No","No","No","No","No","No","No","No","No","No","No","No","No","No","No","No","No","No","No","No","No","No","No","No","No","No","No","No","No","No","No","No","No","No","No","No","No","No","No","No","No","No","No","No","No","No","No","No","No","No","No"
"SIM-PAT-085","Neha Iyer","Cohort 4: Urgent (Safety-Net: Metastatic Pattern Alert)","Metastatic Alert: Palpable Breast Mass + Respiratory/Skeletal Symptoms","2026-08-13T21:54:37.198Z","Urgent","11.5","4","7.5","3","1.5","4.5","0","1.5","0","2","1.5","3","2","TRUE","Metastatic Pattern Alert","Concomitant primary breast findings and systemic symptoms detected (requires prompt systemic staging).","Prompt in-person clinical evaluation is strongly recommended. Please consult a breast oncologist or breast surgeon within 24–48 hours for diagnostic evaluation (clinical exam, bilateral mammography, ultrasound, and/or biopsy).","41–50 years","18–25 years","20–30 years","1–2","< 6 months","1–5 years","No family history","Current smoker","Balanced diet","Yes","No","No","No","No","No","No","No","No","No","No","No","No","No","No","No","No","No","No","No","No","No","No","No","No","No","No","No","No","No","No","No","No","No","No","No","No","No","No","No","Yes","No","No","No","No","No","No","No","No","No","No","No","No","No","No","No"
"SIM-PAT-086","Preeti Deshmukh","Cohort 4: Urgent (Safety-Net: Ulcerative Skin Lesion)","Ulcerative Alert: Non-healing breast ulcer or open bleeding lesion","2026-08-21T06:47:00.641Z","Urgent","9.5","2","7.5","5","1.5","7.5","0","1.5","0","0","1.5","0","2","TRUE","Ulcerative / Open Skin Lesion Alert","Ulcer, wound, or active bleeding on breast or neck tissue requires prompt clinical evaluation.","Prompt in-person clinical evaluation is strongly recommended. Please consult a breast oncologist or breast surgeon within 24–48 hours for diagnostic evaluation (clinical exam, bilateral mammography, ultrasound, and/or biopsy).","> 50 years","18–25 years","20–30 years","3 or more","> 12 months","Never / None","No family history","Never","Vegetarian / Plant-based","No","No","No","No","No","No","Yes","Yes","No","No","No","No","No","No","No","No","No","No","No","No","No","No","No","No","No","No","No","No","No","No","No","No","No","No","No","No","No","No","No","No","No","No","No","No","No","No","No","No","No","No","No","No","No","No","No","No"
"SIM-PAT-087","Komal Shukla","Cohort 4: Urgent (Safety-Net: Classic Malignancy Triad)","Triad Trigger: Nipple Retraction + Discharge + Skin Dimpling","2026-08-21T04:54:26.685Z","Urgent","26","8","18","12","1.5","18","0","1.5","0","0","1.5","0","4","TRUE","Classic Malignancy Triad","Co-occurrence of nipple retraction, nipple discharge, and skin dimpling represents a classic clinical cluster requiring immediate evaluation.","Prompt in-person clinical evaluation is strongly recommended. Please consult a breast oncologist or breast surgeon within 24–48 hours for diagnostic evaluation (clinical exam, bilateral mammography, ultrasound, and/or biopsy).","41–50 years","26–30 years","> 30 years","1–2","Never","> 5 years","Mother / Sister / Daughter with breast/ovarian cancer","Former smoker","High fat / processed foods","No","No","No","No","No","No","No","No","No","Yes","Yes","Yes","Yes","No","No","No","No","No","No","No","No","No","No","No","No","No","No","No","No","No","No","No","No","No","No","No","No","No","No","No","No","No","No","No","No","No","No","No","No","No","No","No","No","No","No","No"
"SIM-PAT-088","Divya Verma","Cohort 4: Urgent (Safety-Net: Metastatic Pattern Alert)","Metastatic Alert: Palpable Breast Mass + Respiratory/Skeletal Symptoms","2026-08-21T06:30:56.169Z","Urgent","15","3","12","3","1.5","4.5","0","1.5","0","5","1.5","7.5","3","TRUE","Metastatic Pattern Alert","Concomitant primary breast findings and systemic symptoms detected (requires prompt systemic staging).","Prompt in-person clinical evaluation is strongly recommended. Please consult a breast oncologist or breast surgeon within 24–48 hours for diagnostic evaluation (clinical exam, bilateral mammography, ultrasound, and/or biopsy).","41–50 years","18–25 years","20–30 years","1–2","< 6 months","1–5 years","No family history","Never","Balanced diet","Yes","No","No","No","No","No","No","No","No","No","No","No","No","No","No","No","No","No","No","No","No","No","No","No","No","No","No","No","No","No","No","No","No","No","No","No","No","No","No","No","No","Yes","No","No","No","No","No","No","No","No","Yes","No","No","No","No","No"
"SIM-PAT-089","Smita Singh","Cohort 4: Urgent (Safety-Net: Ulcerative Skin Lesion)","Ulcerative Alert: Non-healing breast ulcer or open bleeding lesion","2026-08-12T03:02:38.257Z","Low","6.5","2","4.5","3","1.5","4.5","0","1.5","0","0","1.5","0","1","FALSE","None","None","Continue routine breast self-awareness, periodic clinical screening, and age-appropriate mammography as recommended by your physician.","41–50 years","18–25 years","20–30 years","3 or more","> 12 months","Never / None","No family history","Never","Vegetarian / Plant-based","No","No","No","No","No","No","No","No","No","No","No","No","No","No","No","No","Yes","No","No","No","No","No","No","No","No","No","No","No","No","No","No","No","No","No","No","No","No","No","No","No","No","No","No","No","No","No","No","No","No","No","No","No","No","No","No","No"
"SIM-PAT-090","Radha Joshi","Cohort 4: Urgent (Safety-Net: Classic Malignancy Triad)","Triad Trigger: Nipple Retraction + Discharge + Skin Dimpling","2026-09-08T05:02:19.461Z","Urgent","26","8","18","12","1.5","18","0","1.5","0","0","1.5","0","4","TRUE","Classic Malignancy Triad","Co-occurrence of nipple retraction, nipple discharge, and skin dimpling represents a classic clinical cluster requiring immediate evaluation.","Prompt in-person clinical evaluation is strongly recommended. Please consult a breast oncologist or breast surgeon within 24–48 hours for diagnostic evaluation (clinical exam, bilateral mammography, ultrasound, and/or biopsy).","> 50 years","26–30 years","> 30 years","1–2","Never","> 5 years","Mother / Sister / Daughter with breast/ovarian cancer","Former smoker","High fat / processed foods","Yes","Yes","Yes","Yes","No","No","No","No","No","No","No","No","No","No","No","No","No","No","No","No","No","No","No","No","No","No","No","No","No","No","No","No","No","No","No","No","No","No","No","No","No","No","No","No","No","No","No","No","No","No","No","No","No","No","No","No"
"SIM-PAT-091","Aaradhya Reddy","Cohort 4: Urgent (Safety-Net: Metastatic Pattern Alert)","Metastatic Alert: Palpable Breast Mass + Respiratory/Skeletal Symptoms","2026-08-18T20:09:32.423Z","Moderate","11.5","7","4.5","3","1.5","4.5","0","1.5","0","0","1.5","0","1","FALSE","None","None","Schedule a clinical breast consultation within 2–4 weeks. A healthcare provider will perform a physical examination and determine if imaging or observation is appropriate.","> 50 years","18–25 years","20–30 years","1–2","< 6 months","1–5 years","Mother / Sister / Daughter with breast/ovarian cancer","Current smoker","Balanced diet","No","No","No","No","No","No","No","No","No","Yes","No","No","No","No","No","No","No","No","No","No","No","No","No","No","No","No","No","No","No","No","No","No","No","No","No","No","No","No","No","No","No","No","No","No","No","No","No","No","No","No","No","No","No","No","No","No"
"SIM-PAT-092","Pooja Banerjee","Cohort 4: Urgent (Safety-Net: Ulcerative Skin Lesion)","Ulcerative Alert: Non-healing breast ulcer or open bleeding lesion","2026-09-09T06:49:39.009Z","Urgent","11","2","9","3","1.5","4.5","3","1.5","4.5","0","1.5","0","2","TRUE","Ulcerative / Open Skin Lesion Alert","Ulcer, wound, or active bleeding on breast or neck tissue requires prompt clinical evaluation.","Prompt in-person clinical evaluation is strongly recommended. Please consult a breast oncologist or breast surgeon within 24–48 hours for diagnostic evaluation (clinical exam, bilateral mammography, ultrasound, and/or biopsy).","> 50 years","18–25 years","20–30 years","3 or more","> 12 months","Never / None","No family history","Never","Vegetarian / Plant-based","No","No","No","No","No","No","No","No","No","No","No","No","No","No","No","No","Yes","No","No","No","No","No","No","Yes","No","No","No","No","No","No","No","No","No","No","No","No","No","No","No","No","No","No","No","No","No","No","No","No","No","No","No","No","No","No","No","No"
"SIM-PAT-093","Sunita Kulkarni","Cohort 4: Urgent (Safety-Net: Classic Malignancy Triad)","Triad Trigger: Nipple Retraction + Discharge + Skin Dimpling","2026-08-16T16:28:16.122Z","Urgent","26","8","18","12","1.5","18","0","1.5","0","0","1.5","0","4","TRUE","Classic Malignancy Triad","Co-occurrence of nipple retraction, nipple discharge, and skin dimpling represents a classic clinical cluster requiring immediate evaluation.","Prompt in-person clinical evaluation is strongly recommended. Please consult a breast oncologist or breast surgeon within 24–48 hours for diagnostic evaluation (clinical exam, bilateral mammography, ultrasound, and/or biopsy).","> 50 years","26–30 years","> 30 years","1–2","Never","> 5 years","Mother / Sister / Daughter with breast/ovarian cancer","Former smoker","High fat / processed foods","No","No","No","No","No","No","No","No","No","Yes","Yes","Yes","Yes","No","No","No","No","No","No","No","No","No","No","No","No","No","No","No","No","No","No","No","No","No","No","No","No","No","No","No","No","No","No","No","No","No","No","No","No","No","No","No","No","No","No","No"
"SIM-PAT-094","Meera Pandey","Cohort 4: Urgent (Safety-Net: Metastatic Pattern Alert)","Metastatic Alert: Palpable Breast Mass + Respiratory/Skeletal Symptoms","2026-09-03T05:00:35.207Z","Urgent","16.5","3","13.5","3","1.5","4.5","0","1.5","0","6","1.5","9","4","TRUE","Metastatic Pattern Alert","Concomitant primary breast findings and systemic symptoms detected (requires prompt systemic staging).","Prompt in-person clinical evaluation is strongly recommended. Please consult a breast oncologist or breast surgeon within 24–48 hours for diagnostic evaluation (clinical exam, bilateral mammography, ultrasound, and/or biopsy).","> 50 years","18–25 years","20–30 years","1–2","< 6 months","1–5 years","No family history","Never","Balanced diet","Yes","No","No","No","No","No","No","No","No","No","No","No","No","No","No","No","No","No","No","No","No","No","No","No","No","No","No","No","No","No","No","No","No","No","No","No","No","No","No","No","Yes","No","No","No","Yes","No","No","No","No","No","Yes","No","No","No","No","No"
"SIM-PAT-095","Ananya Patel","Cohort 4: Urgent (Safety-Net: Ulcerative Skin Lesion)","Ulcerative Alert: Non-healing breast ulcer or open bleeding lesion","2026-08-26T07:01:59.006Z","Urgent","6.5","2","4.5","3","1.5","4.5","0","1.5","0","0","1.5","0","1","TRUE","Ulcerative / Open Skin Lesion Alert","Ulcer, wound, or active bleeding on breast or neck tissue requires prompt clinical evaluation.","Prompt in-person clinical evaluation is strongly recommended. Please consult a breast oncologist or breast surgeon within 24–48 hours for diagnostic evaluation (clinical exam, bilateral mammography, ultrasound, and/or biopsy).","> 50 years","18–25 years","20–30 years","3 or more","> 12 months","Never / None","No family history","Never","Vegetarian / Plant-based","No","No","No","No","No","No","No","Yes","No","No","No","No","No","No","No","No","No","No","No","No","No","No","No","No","No","No","No","No","No","No","No","No","No","No","No","No","No","No","No","No","No","No","No","No","No","No","No","No","No","No","No","No","No","No","No","No"
"SIM-PAT-096","Deepa Yadav","Cohort 5: Boundary & Stress Edge Cases","Edge Case: Completely Asymptomatic (All 56 No, Zero BRM)","2026-08-25T01:12:11.627Z","Low","0","0","0","0","1","0","0","1","0","0","1","0","0","FALSE","None","None","Continue routine breast self-awareness, periodic clinical screening, and age-appropriate mammography as recommended by your physician.","< 30 years","26–30 years","20–30 years","1–2","> 12 months","Never / None","No family history","Never","Balanced diet","No","No","No","No","No","No","No","No","No","No","No","No","No","No","No","No","No","No","No","No","No","No","No","No","No","No","No","No","No","No","No","No","No","No","No","No","No","No","No","No","No","No","No","No","No","No","No","No","No","No","No","No","No","No","No","No"
"SIM-PAT-097","Kavita Mishra","Cohort 5: Boundary & Stress Edge Cases","Edge Case: High BRM (Max Factors) but completely Asymptomatic","2026-08-12T02:19:50.351Z","Moderate","9","9","0","0","1","0","0","1","0","0","1","0","0","FALSE","None","None","Schedule a clinical breast consultation within 2–4 weeks. A healthcare provider will perform a physical examination and determine if imaging or observation is appropriate.","> 50 years","> 30 years","> 30 years","0","Never","> 5 years","Mother / Sister / Daughter with breast/ovarian cancer","Current smoker","High fat / processed foods","No","No","No","No","No","No","No","No","No","No","No","No","No","No","No","No","No","No","No","No","No","No","No","No","No","No","No","No","No","No","No","No","No","No","No","No","No","No","No","No","No","No","No","No","No","No","No","No","No","No","No","No","No","No","No","No"
"SIM-PAT-098","Sangeeta Nair","Cohort 5: Boundary & Stress Edge Cases","Edge Case: Bilateral Synchronous Masses with Neck & Axilla Involvement","2026-08-23T14:55:13.710Z","Urgent","30.5","8","22.5","6","1.5","9","9","1.5","13.5","0","1.5","0","5","FALSE","None","None","Prompt in-person clinical evaluation is strongly recommended. Please consult a breast oncologist or breast surgeon within 24–48 hours for diagnostic evaluation (clinical exam, bilateral mammography, ultrasound, and/or biopsy).","> 50 years","18–25 years","20–30 years","1–2","Never","1–5 years","Mother / Sister / Daughter with breast/ovarian cancer","Former smoker","Balanced diet","Yes","No","No","No","No","No","No","No","No","Yes","No","No","No","No","No","No","No","No","Yes","No","No","No","No","No","No","No","Yes","No","No","No","No","No","No","Yes","No","No","No","No","No","No","No","No","No","No","No","No","No","No","No","No","No","No","No","No","No","No"
"SIM-PAT-099","Rekha Chatterjee","Cohort 5: Boundary & Stress Edge Cases","Edge Case: Isolated Systemic / CNS symptoms with zero breast complaints","2026-08-26T17:06:19.986Z","Low","6.6","0","6.6","0","1","0","0","1","0","6","1.1","6.6","3","FALSE","None","None","Continue routine breast self-awareness, periodic clinical screening, and age-appropriate mammography as recommended by your physician.","30–40 years","26–30 years","20–30 years","1–2","6–12 months","Never / None","No family history","Never","Balanced diet","No","No","No","No","No","No","No","No","No","No","No","No","No","No","No","No","No","No","No","No","No","No","No","No","No","No","No","No","No","No","No","No","No","No","No","No","No","No","No","No","No","No","No","No","Yes","No","Yes","No","No","No","Yes","No","No","No","No","No"
"SIM-PAT-100","Ritu Choudhary","Cohort 5: Boundary & Stress Edge Cases","Edge Case: Complex Elderly Smoker with Heavy Contraceptive History","2026-08-20T18:11:21.730Z","Moderate","15","6","9","4","1.5","6","2","1.5","3","0","1.5","0","3","FALSE","None","None","Schedule a clinical breast consultation within 2–4 weeks. A healthcare provider will perform a physical examination and determine if imaging or observation is appropriate.","> 50 years","18–25 years","No children","0","Never","> 5 years","Other relative with breast cancer","Current smoker","High fat / processed foods","No","No","No","No","No","No","No","No","No","No","No","No","Yes","No","No","No","No","Yes","No","No","No","No","No","No","No","No","No","No","No","No","No","No","No","No","No","Yes","No","No","No","No","No","No","No","No","No","No","No","No","No","No","No","No","No","No","No","No"